pm25;no2;wind
3.76773075036035;23.18219768048695;3.0718821367344633
15.418457004617903;11.821958126097506;5.594202958667866
36.60858209196948;18.359307561024032;4.505974780927044
37.83706721459015;29.10836014268116;4.234208744067738
16.884905719496523;55.28788847005398;3.709214592903546
2.5255852619922194;14.263857378181813;4.587176010762244
32.57102121771679;;3.4552222291434065
12.055143131337845;36.10678950651238;5.794270604452306
12.991677828211252;48.33958877893453;3.3206798506853468
21.605993003123626;31.8731648768635;3.296892603252275
20.482373582694315;;0.41670796730776427
15.522953119027001;47.73148116997925;5.087145261018103
16.607238736215294;18.34404445455901;2.0558956539927093
18.976723545707785;41.8680832477925;-0.055050801733044
16.43214743443118;9.090464382278643;3.2316800425848182
17.186956977440452;30.96290757685256;2.9925964902992552
21.33124053615647;;4.1747737195784005
29.240287773475607;19.16849299382158;4.473706982068413
27.988632764088273;44.585898141371075;2.25838606894808
18.493953363682202;45.42767862502364;7.579868214001177
21.19967999530872;46.0354109305474;3.197996175172003
41.1321890011108;35.69610975512973;0.9677007077319493
36.83960524091506;11.511303834325421;5.874225373731244
31.578617026306546;25.06537129276895;4.59261059856506
3.7440179433113485;45.08820753485491;4.113293020748195
;44.8903276218895;2.84704394318352
16.894331857012112;47.95042174191629;3.5687346740264814
13.521864254604393;34.71136546800801;0.24713300208980726
20.68373996560162;27.27109104705472;3.093422748126994
37.564900741227596;0.5178789872164842;7.185175658036185
35.65933229986366;42.93970926667891;2.068474601267626
17.565830088087083;28.51281861171676;3.7651592221050953
26.015443874939876;11.193331149484486;0.9726590717809547
19.94127959973454;41.440920680619705;2.718948117659
22.119201787185464;51.29330189471828;1.6022123326451188
36.97067070262239;43.009052184750296;4.140980280650376
24.242140032308026;;3.8237491664671266
3.913762522923257;44.00106456782324;1.545534435064924
26.664275498344388;-10.959463256913537;3.6324284725072182
46.79642574431469;55.8174186702617;3.6856441358498055
16.600015122954016;18.12394640789304;3.7623841166159733
43.5825108660908;19.44009281441096;
32.40957784608577;22.933461554802406;5.847566321821091
39.11512410787576;24.648530307140103;
35.50530465243227;52.506115952929505;3.0404670191843275
27.133536753178454;38.15749750114546;3.240106344070232
;19.822437393368606;1.5468411665603345
27.10809198447239;22.092713136114167;1.9883094352195658
27.79818341177151;;4.344862909842387
36.65871536255165;35.29552989166349;6.387433692654101
-2.012123070256987;23.52263579327108;
7.841557119815015;5.672006446658234;6.939808644821051
27.835639884836993;4.8645874644422875;2.6504697279525686
;13.24669089330138;5.3178511607829115
14.593292699105742;31.43756816948137;4.144055575816928
29.287334965160863;46.64120973223752;3.792162594688976
33.14026851886759;;2.8594878180419823
22.663493197178553;47.610915696323616;3.523767001565573
42.154668556078136;38.48661852287346;2.4336228712355084
44.39733306437657;11.6123334019752;4.918512271926819
26.461417343115684;36.372841160734794;5.176795720350164
35.09046891639475;37.014345066472046;2.524250700571127
4.643658537753794;28.19852320637549;1.0392974934236037
37.88045582817412;25.410365785775255;3.008226579018884
42.59183407163884;27.77598716571924;6.482684717759138
12.815160431397132;;
32.40066828295619;10.017531189058726;5.230184308469848
2.5174057250508213;68.12648024806319;2.1082901557203972
15.558725658949596;11.227925191458457;2.7706918801823566
18.756147959701202;3.5008156674589017;3.033912962820117
7.302963922587644;19.194997045082165;1.7433532717269045
22.144116294031093;36.88692695059928;3.7502850586899026
21.352460466535263;38.41777862911811;2.2723679577885143
32.40132228060073;14.640705816801798;4.923413077321044
6.8332268149300965;31.448735020381193;3.633813848661526
32.48011305757342;21.830912688514836;5.7213253869441
15.52998235205465;32.85438418488179;0.9839110923915695
9.657861984733492;25.60112179806489;
22.643299121639107;19.58936255488534;2.8888758429576686
34.0329173107011;20.263025942510556;4.194821450474235
19.189484586204827;-2.9869596548873147;2.8669634089126177
31.166871154447144;26.677000468661856;6.083620884702897
28.34687680766041;28.853465699425268;3.2238568443688704
62.61598397709556;8.872539120328895;2.1418744178744573
21.248972681199096;24.94942018681069;3.2585975865274337
23.00211345268388;26.17114311071312;3.01155015172832
38.29507057020309;2.197854248286653;4.892371715204326
24.37946440644794;18.42699931662441;2.8822884701205043
28.011836422968887;17.954768413248317;1.2193942280011756
3.920245187112279;32.69608207103584;3.76628009742874
23.53701088453298;48.67836438399515;2.5237245479028085
16.538830171254965;30.708211262979045;1.767852725240052
19.245908145039856;47.39381360625305;3.5338727376780934
28.07846450686919;26.662910365054866;3.301824415738015
24.341090440524816;35.56863313772411;3.1694959610964237
34.265948414964306;31.001957186737563;3.890633691686075
36.44780571767548;66.17158371060862;2.6316696277153344
22.873591231799864;27.714734850882387;3.67390745582325
28.593765459099046;41.73717895285588;2.615619532327637
0.5959427276535862;33.04086004295067;4.733372636430456
28.774964369849243;46.884212281070745;3.464359719675369
37.636148877069104;39.48221152561932;6.124641456162531
14.082979915430554;35.111097656910665;2.757673647588344
34.066114899754005;12.875255054814751;4.035736248232218
19.57631633664712;14.196747352043177;5.194563410324106
18.079770105101254;20.757993799788053;4.304331187510416
42.09025372099278;25.61228515034351;
24.605268082626836;31.667193733916697;4.0040853365774485
35.40178895356766;20.7940295541971;
1.568590139712441;0.34197283118480826;3.9468008811655007
17.681959351933344;45.41062891767612;3.477949222052518
33.53916163720173;36.70957114972803;4.605720213438906
26.492913499091877;30.903764783454633;3.372875427438944
22.7936002131008;48.80787479271617;2.0228815469388954
32.24773230741063;17.945083142428082;6.587665695838417
15.02373637917871;28.036501280690103;4.816185668097041
39.606891010389575;32.39314095157247;2.1327184023259385
22.44903712011126;23.772459777546995;3.1334221452561004
15.211129937637569;18.065041978077282;2.645432524019129
;43.121549851933864;2.752821758967723
24.021401366012366;34.260132286982326;4.800665603034372
19.882276480361796;39.3602415815015;3.0025640806837184
31.313912685412006;17.645569803372403;6.374144639307368
24.443565380631433;42.449682733184765;0.8499635640258534
20.728214832070073;20.650931003247706;3.4554793635635
29.240722064720124;33.708292833909134;1.5027606102913653
18.64550257672917;59.69382014659655;3.9912092783773683
30.896007601397933;42.781170995160394;4.171130012308531
28.916713834826922;35.088289770236024;4.848537841921183
28.422913726522655;;1.6594963039331816
20.704626196770878;21.455081279718424;4.147082553384976
;37.35968310559475;2.1897977155037944
34.70448965899398;17.52222654322616;3.643696409115475
32.368651723491155;24.573798702539925;2.8370933916915937
12.904171512540671;53.86074295284237;1.6031851607280942
19.806066820379733;34.10496677239447;4.583436091737724
41.076523647542516;51.10749458224557;3.112143548686214
36.80809015978491;28.460884696141132;4.786399301764815
10.959746538794086;48.31203896610387;4.893522087291524
25.142666973058528;30.775905170437955;5.466994462273872
30.028055205014805;32.00675647961404;
;30.36287243304768;2.1066323953797363
26.52546334082793;35.40861228482224;5.300998161215042
30.806327202410117;26.116962669637534;3.6542288616756022
;9.163609437740803;5.523293796705433
37.78832974244247;29.46435048713416;1.72581774618546
22.83077975189505;31.986113079641754;4.533014907510521
25.546705329605253;54.52299653152635;3.5646579863425023
15.903372629394404;-3.907125197388666;3.437816973781998
21.72245025813494;54.260301012646515;3.0175712786343967
20.11105097606511;45.72399058365981;1.8341609248309645
22.736570766048047;40.28424363319279;4.495693448005867
23.86904547864252;32.31374344778753;2.911911768402755
34.76033895672656;;3.817195283585327
29.191873774304714;59.26224763042311;6.398626718613629
9.640754477072825;;2.6947055811419203
;33.76166800093684;3.0534362806700472
18.414625328839907;34.284977146576324;3.255586228439212
11.927183216671978;28.367772103911335;2.908556164946465
11.292854704038634;38.91597964531611;2.955083831946774
27.037336843232637;29.334681838611427;4.546562171955775
37.73104668264881;34.618523566651746;5.485046089056111
22.470279295728982;36.5699788714778;
36.24720465193396;66.4545512029695;4.609793987561714
26.02808106118385;;3.2408273156609395
-0.8673303351008208;32.39961735378014;3.2030234458900115
32.34578505239296;48.41167813671919;2.900190091453436
18.493900925501002;42.40014901830345;2.3529819919756987
15.273549266647729;40.16168680608249;5.354581156488213
32.41469207875177;75.16980905317894;
26.60631849320347;46.31862740471132;4.416570309248279
24.192785729567674;20.628491860365493;2.2443156393304564
26.164628354925057;18.906466798807767;3.568814720115091
14.834904287575347;29.424997917172846;3.4987919619996393
46.23953045691615;23.456530050760342;2.2563793057403023
27.070899373549402;31.190111441487737;2.9798911382073108
26.9036787984798;35.069971810439036;1.8971387105136033
23.955430119006607;34.10075150355834;3.525149416131517
5.601543550812192;-6.859007887648687;0.8591474270468611
16.905213285503585;18.665777847908828;3.413352935966662
10.31472623546318;40.74018480772495;4.47640250487953
9.164103197078623;54.65447033020121;3.480558673566642
;23.944413358215627;2.4496922207910377
17.377497681498376;24.017338138838067;2.5260516457763713
25.245803793946777;28.6627632853651;5.31223036519714
7.933668146194165;55.8698201346013;3.737299583473018
33.39812181254472;30.8057426150885;4.76687349804719
28.569509777513566;-3.626094182195658;4.914036547035741
22.21949411421489;56.81458357075489;2.831403485129939
50.94511834122296;40.374580575568025;1.9975827140972036
22.11281970986859;10.604435024801774;4.469116964467517
34.57852489364301;22.332110478435688;
27.513589974096156;18.066241999154066;2.614351855977975
42.26484882976568;26.865813406684207;3.6554592692456795
38.01501744809533;52.30661906900092;3.1232253717337355
21.399984207230112;1.9943543306092337;0.028998318165111225
;24.848873348837916;1.6480988262420866
8.903017924916039;31.667254175232088;5.013108029283467
26.39145700576005;28.958832725150337;3.378087369421867
32.855688729466934;18.04954130265405;4.599063456344679
24.257536266207833;47.848965683276674;2.282584219490614
41.80727273605312;27.618175806446782;1.8322938714324448
26.741339069577755;25.691881803209185;4.583086084053108
39.96893095166065;35.19223967325072;5.444704620515386
23.042296792039153;25.795730880308554;2.1909559516378287
11.085551353774967;21.694639043788975;5.026651662558562
17.50011778043784;;2.0353871879075913
24.613617928820307;62.85091888562943;1.0445627176890984
16.005445135033046;41.8987107187245;4.378769945673217
5.1392066258816556;24.265209820365538;2.067584780365627
0.9719689546561625;49.070253857382184;
37.16689137070165;37.85218581140672;1.7172163994709977
29.62399409166464;30.57769674427915;2.978251309792152
;14.56420966839007;0.9490581980383612
27.02028321134975;17.58312875300078;4.3912926181937975
;44.52711634750902;4.222300309271573
34.53200431679694;41.2836211170393;4.220990396007748
4.128672649472584;9.405426276621196;5.311541994588125
-0.009114732183270746;23.88514547305214;4.956229411125671
22.58020593835873;40.19939324094304;2.1385318553152146
26.556378014704258;46.68598474893965;4.511196845236112
14.390629898188845;37.7164118253402;5.166843372008746
5.880047113852541;23.155079205973365;4.721255397955978
32.08798231744797;33.54004546920597;4.833611586005018
20.062855562711942;26.83836298129664;3.274116657892594
33.32906157752473;35.72992759355202;2.5277556990666525
40.668458922601076;52.17142228256358;3.14815544422555
5.756978099355493;18.266497235335308;2.4522190493795897
27.55981748405415;34.214880160491006;5.005047440875853
27.99511716830296;28.54900153245214;3.7799997108896854
33.9331082880052;26.057791250107485;4.735592571143406
18.59904876111544;27.902474452592884;1.3268340169246402
25.66996832105732;49.703878252259734;2.83029707908579
33.804013342948394;38.692808120524234;1.9621369585213064
30.253010570034157;22.812761834365006;1.0614235961054121
43.70737038198574;39.744515362965515;3.9498566886354682
14.578564365678037;21.618229928569352;1.903231450378069
27.484293469168176;;
23.964602177240575;-4.569400013631842;2.0427502347919297
22.521809514708806;37.51173384775486;
32.05766499520538;25.733681572527253;4.383259244662969
26.387734873510986;44.96166239510844;2.0649412865059484
12.208596616754898;35.806836279318816;2.819430215235582
36.432490903091036;33.9079742181235;4.292598523784113
32.08311418447181;23.236573816098232;4.522446239363546
42.69629123534562;37.824662747365345;2.9090430224729396
;53.27658746614632;3.9429505261023556
22.437732898116032;-0.2889988350465664;4.72610280797344
22.529598623555493;27.7531211281465;1.9148412982879703
;50.17773586935076;2.4294598067622775
15.79465614317791;12.817720261500508;2.939228307262699
14.141352710929201;32.002652577823355;4.1702409355497085
27.644509670051317;19.75005999258403;3.7802919345007027
7.070986332376641;25.985763883725326;3.59691661608489
29.184464163128474;3.40184217836196;1.9579662071147352
30.6362210201019;44.770982457409815;4.806345370875574
22.04327397021816;32.25895449922934;2.75160867461263
41.89649940045339;8.333793199025465;3.100175367492672
38.53566771150156;36.27932192331134;3.7929601097774315
15.661457675292336;33.120013397933675;6.45948677626743
32.869142787026746;19.66762204498384;
36.814498191339275;59.522986985313075;2.4634740827868
25.993224175176856;37.741440644443955;2.9381548469440633
19.81826243372542;49.353304728076594;5.241428153726073
11.694553195737035;;3.7238713385048277
18.30126724786304;5.624748005562548;4.063836756423199
11.961900620873426;-4.854015890883694;4.710287746409613
35.949593682209624;14.791833459168615;5.191207136013986
21.93831658486785;50.21808097038969;2.4953378364972476
31.259821371741936;22.35234016052123;4.284189699931052
40.12362263051339;45.61796903629923;5.229009774188704
27.546146743230857;12.503331848274243;3.8087981503824593
39.12489836880932;20.061250601594313;2.271625661409859
20.793290596928983;22.22263794421456;1.9778852116160714
29.637470556881752;33.377356233959844;4.17766863493205
27.46488329441197;9.717196980029527;1.7705625091669788
16.581811425456554;18.08444250193449;2.2803839930417906
21.287945130909016;26.502737053444957;2.765230994250305
41.98227014561046;9.856761668768907;3.920648165092172
20.86155388240243;3.6061057294960115;4.37528109780812
5.048351611956484;30.4284320049699;2.4349744503487107
20.845163689232052;10.087705942933976;1.5549371447208409
15.964846604657119;48.219071492373246;4.724394202208734
30.47107358784458;48.63150172561283;4.5134281139118535
32.37752599134214;21.248420269874543;4.204084749329277
29.297547034685742;39.03027708836254;4.062913382283104
20.08628715364128;31.03552501336773;2.904078948123137
25.710205999579497;46.01705024733273;3.2335848186264697
21.21674141030932;23.12598731209183;3.6137681000546222
7.638039186857998;37.65651499154049;2.2356222268784833
23.65477644710786;34.67679830876471;4.075179769452467
56.639945337631175;33.91214777870397;3.6788189614620177
12.648991562524088;20.7614377576543;3.296921914647069
2.741860623336713;47.78560911835832;4.868761936818737
42.0873205691681;23.880574213960433;3.348429918450754
30.383842857419303;;4.489439852244946
28.575285653987308;19.19760398228913;1.7169740723292495
20.69707968286377;20.103366606823954;4.760314671069849
27.715035281793405;26.40410784614927;4.406266223297495
25.621211075500003;36.746240567716576;6.742726911706619
40.729200013225324;41.750300217318824;5.90135553875024
36.00342490070585;31.929590237738044;4.904531228676303
32.22686974159497;51.244078582257856;2.6918401042763316
16.807372605160367;31.765070966687386;2.1721140686588067
27.747515569373164;3.0667678259761573;
17.61502902868287;12.683087680061181;4.264224941240252
39.741610108426116;40.50031689988464;5.441356096292725
16.42021050239644;25.11963740153928;1.683639273769977
23.38587180472814;24.093892155286795;2.234877050617458
11.958875862389647;15.533022098805496;3.5501117305624597
19.022378821797986;23.99616553069752;
18.886843292159686;24.218834809098944;2.865781797059311
23.16736915530068;37.35896785193625;5.367143782004758
14.204455258773887;26.330497024750613;4.582186944180347
39.58754430938897;49.14751505801523;4.744297844674789
22.75522039993041;20.175754442945532;2.0232537289353614
18.596568128158918;33.06648164806995;0.8811251644244353
34.23624092274415;5.163449093214716;2.8564616720596376
50.948787876281855;;0.008590089486202324
20.149168869084285;8.688216622766518;4.178894188738207
22.058149790527278;38.550381750705355;4.621056609615199
16.140477404334593;2.3904419296910504;2.321508210357063
32.944341227154595;14.496960218954914;4.373147607819332
36.46445926615195;42.56809842368085;4.365041325848834
24.44346367655556;53.46486509572213;1.818245276419809
19.739594108668328;-10.744643957293853;2.900230033961398
31.407522658707876;13.652555535265762;2.7982103387095703
;57.4430984518568;4.899218355389706
43.648509602422976;32.1302949195158;4.59854796020646
18.009601341660968;14.517937705955198;4.358443213055231
35.22802819689118;52.15544045828594;2.658167259755987
26.269383827806795;38.78130661510671;5.548565391331035
4.188643191030167;31.65028072563812;3.771810759207927
43.26645558546171;1.242705871840304;4.243355784562151
28.569764123525985;61.4398093570319;6.095940559167598
32.2816487010717;33.93571444290096;4.493551330455906
36.35581019875263;25.3551048201811;3.320340772398303
32.15267450855325;51.92613181622197;2.7529209202572726
13.396089161742347;16.249708707474156;0.8991743486079704
33.09614489000408;13.596667861045354;1.1504034704535044
30.959566704401794;15.40171847451869;4.783691168129914
4.961913698888864;;0.5361821001830425
44.99244696277058;30.401560991325532;5.016938157061935
20.472105809557856;39.60211760988446;4.705090340805606
;11.234372661678506;2.2025282151399272
20.96799661485916;34.549280059953404;3.7723671339907017
18.601462557594196;20.961597338293775;4.36429249778175
24.052937102457523;28.3795659574719;3.637942163387779
50.46069466712753;48.137159160976665;5.346835284470893
49.1553205571797;37.39286437073769;1.4118561775613268
18.585604063913532;38.641603790999;4.256248866107757
39.96810561597522;20.758317899205757;2.5866274130783236
25.280407607027147;58.882051725306155;0.8928161057359167
49.21977885167061;40.081212609022046;1.7596602128317946
;23.627837454795404;2.713271847305145
;47.1163699383976;3.5348819002663414
25.976584662714796;38.53417527724403;2.148370507221366
32.30067522602102;11.054842893448317;2.740856033704093
30.80208072017573;33.00036848912504;2.9060465701870113
11.768371827067803;15.477456292066522;
27.493760690629365;-0.6005449784853347;2.6501649665657063
17.179825690110746;23.509621302532118;4.359432428469676
18.64367397058039;47.0105741647221;5.973441406627561
38.374626343830755;;3.812500166498252
27.444985337835572;22.339130755259646;3.6974476165237786
13.521864254604393;34.71136546800801;0.24713300208980726
;50.17773586935076;2.4294598067622775
17.61502902868287;12.683087680061181;4.264224941240252
32.34578505239296;48.41167813671919;2.900190091453436
31.259821371741936;22.35234016052123;4.284189699931052
50.94511834122296;40.374580575568025;1.9975827140972036
36.44780571767548;66.17158371060862;2.6316696277153344
24.37946440644794;18.42699931662441;2.8822884701205043
23.042296792039153;25.795730880308554;2.1909559516378287
21.605993003123626;31.8731648768635;3.296892603252275
16.538830171254965;30.708211262979045;1.767852725240052
