client_id,age,income_rub,city,education,contract_type,tenure_months,purchases_6m,support_calls_6m,churn
CL44400036,45,137078.0,Новосибирск,Высшее,Месячный,20,9.0,1,0
CL44400401,42,76281.0,Москва,Высшее,Месячный,8,8.0,1,0
CL44400478,47,62384.0,Казань,Среднее,Месячный,26,8.0,1,1
CL44400027,51,,Санкт‑Петербург,Высшее,Годовой,68,9.0,0,0
CL44400130,27,101269.0,Санкт‑Петербург,,Месячный,16,6.0,2,0
CL44400199,56,18694.0,Казань,Среднее специальное,Годовой,1,6.0,2,1
CL44400309,57,83151.0,,Среднее специальное,Годовой,30,10.0,1,0
CL44400243,60,,Казань,,Годовой,64,8.0,2,0
CL44400093,62,66867.0,Санкт‑Петербург,Высшее,Месячный,66,9.0,2,0
CL44400282,25,88918.0,Москва,,Годовой,58,6.0,1,1
CL44400452,50,104092.0,Санкт‑Петербург,Магистратура,Годовой,18,4.0,4,0
CL44400087,52,,,Среднее специальное,Месячный,26,4.0,1,1
CL44400287,53,83857.0,Москва,Среднее специальное,Годовой,21,2.0,1,0
CL44400196,30,85121.0,,Высшее,Двухлетний,56,,1,0
CL44400104,18,62020.0,Москва,Среднее специальное,Месячный,10,14.0,2,0
CL44400184,48,58247.0,Казань,Среднее,Месячный,44,5.0,3,0
CL44400421,53,67112.0,Санкт‑Петербург,Высшее,Месячный,57,7.0,1,0
CL44400189,57,82267.0,Казань,Магистратура,Годовой,63,2.0,1,0
CL44400436,52,111786.0,Москва,Магистратура,Месячный,27,,2,0
CL44400493,22,58614.0,Москва,Высшее,Месячный,3,7.0,1,1
CL44400611,40,128630.0,Новосибирск,Магистратура,Годовой,3,4.0,2,0
CL44400210,53,119481.0,Казань,Высшее,Годовой,43,,3,0
CL44400075,30,294455.0,Симферополь,Высшее,Месячный,51,7.0,0,0
CL44400356,24,34079.0,Новосибирск,Среднее,Годовой,44,4.0,2,0
CL44400379,55,62857.0,Симферополь,Высшее,Месячный,22,1.0,2,0
CL44400402,39,54810.0,Севастополь,Среднее специальное,Годовой,27,2.0,2,0
CL44400453,66,70169.0,Москва,Высшее,Годовой,23,,0,0
CL44400510,60,,Новосибирск,Высшее,Месячный,24,2.0,1,0
CL44400633,50,52565.0,Севастополь,Высшее,Годовой,5,4.0,2,0
CL44400186,42,83760.0,Москва,Среднее специальное,Годовой,48,6.0,0,0
CL44400423,64,120420.0,Севастополь,Высшее,Месячный,22,3.0,0,0
CL44400589,29,87413.0,Санкт‑Петербург,Среднее,Месячный,70,8.0,1,0
CL44400225,58,61356.0,Новосибирск,Среднее специальное,Месячный,71,6.0,3,0
CL44400572,42,103768.0,Санкт‑Петербург,Высшее,Месячный,24,3.0,1,0
CL44400006,49,63890.0,Москва,Магистратура,Годовой,1,8.0,1,0
CL44400412,21,95761.0,Москва,Среднее,Месячный,47,3.0,1,1
CL44400167,62,55702.0,Санкт‑Петербург,Высшее,Месячный,31,,1,0
CL44400627,61,13270.0,Новосибирск,Среднее специальное,Месячный,23,7.0,2,1
CL44400389,44,62596.0,Казань,Среднее,Месячный,59,8.0,1,0
CL44400403,26,66558.0,Санкт‑Петербург,Магистратура,Месячный,46,8.0,1,1
CL44400493,22,58614.0,Москва,Высшее,Месячный,3,7.0,1,1
CL44400221,18,102760.0,Москва,Магистратура,Годовой,40,3.0,1,0
CL44400522,52,81135.0,Новосибирск,,Месячный,43,4.0,1,1
CL44400474,50,53455.0,Москва,Высшее,Месячный,12,3.0,0,0
CL44400427,42,56927.0,Казань,Среднее специальное,Месячный,11,7.0,2,0
CL44400155,24,64613.0,Казань,Среднее специальное,Месячный,22,4.0,1,0
CL44400199,56,18694.0,Казань,Среднее специальное,Годовой,1,6.0,2,1
CL44400581,57,88759.0,Севастополь,Магистратура,Месячный,61,7.0,2,0
CL44400422,47,70333.0,Москва,Высшее,Годовой,67,9.0,2,0
CL44400200,47,68190.0,Новосибирск,Магистратура,Месячный,18,10.0,1,0
CL44400012,50,,Москва,Магистратура,Месячный,42,9.0,2,0
CL44400513,38,50167.0,Санкт‑Петербург,Среднее специальное,Годовой,29,9.0,0,0
CL44400168,36,79652.0,Казань,Среднее,Двухлетний,5,9.0,0,0
CL44400151,49,79263.0,Симферополь,Среднее специальное,Месячный,38,7.0,0,0
CL44400248,28,50558.0,Новосибирск,Высшее,Двухлетний,27,11.0,0,0
CL44400562,31,34750.0,Санкт‑Петербург,Высшее,Месячный,2,4.0,0,1
CL44400315,37,54654.0,Симферополь,Магистратура,Месячный,22,3.0,2,0
CL44400523,55,70639.0,Казань,Магистратура,Месячный,67,8.0,3,0
CL44400357,44,103804.0,Санкт‑Петербург,Высшее,Двухлетний,60,5.0,3,0
CL44400192,22,88562.0,Казань,Среднее специальное,Месячный,22,7.0,1,0
CL44400069,27,16225.0,Санкт‑Петербург,Высшее,Месячный,51,5.0,1,1
CL44400066,32,50769.0,Казань,Высшее,Двухлетний,52,7.0,4,0
CL44400607,37,,,Среднее специальное,Годовой,28,9.0,2,0
CL44400216,47,71984.0,Симферополь,Магистратура,Месячный,63,4.0,2,1
CL44400232,40,35580.0,Санкт‑Петербург,Среднее,Годовой,61,4.0,3,0
CL44400598,67,69992.0,Новосибирск,Среднее,Месячный,50,3.0,2,1
CL44400153,46,84453.0,Новосибирск,Среднее,Месячный,53,6.0,1,0
CL44400018,50,123363.0,Новосибирск,Среднее специальное,Месячный,59,9.0,1,0
CL44400050,45,50779.0,Новосибирск,Среднее,Месячный,13,7.0,0,1
CL44400426,62,118253.0,Санкт‑Петербург,Высшее,Месячный,4,3.0,2,0
CL44400046,39,123555.0,Москва,Среднее специальное,Месячный,16,,3,0
CL44400072,53,71541.0,Москва,Среднее специальное,Двухлетний,44,6.0,5,0
CL44400514,46,75956.0,Новосибирск,,Годовой,59,7.0,0,0
CL44400177,59,55274.0,Санкт‑Петербург,Магистратура,Двухлетний,15,6.0,1,0
CL44400603,56,89520.0,Казань,Среднее специальное,Двухлетний,51,10.0,1,0
CL44400250,29,55483.0,Новосибирск,Высшее,Годовой,58,3.0,2,0
CL44400197,60,312045.0,Новосибирск,Магистратура,Месячный,56,4.0,1,1
CL44400195,54,39686.0,Санкт‑Петербург,Среднее специальное,Годовой,55,7.0,1,0
CL44400451,63,58498.0,Москва,Среднее специальное,Годовой,8,0.0,1,0
CL44400648,60,31376.0,Симферополь,Среднее,Месячный,53,5.0,3,1
CL44400349,68,60959.0,Новосибирск,Высшее,Месячный,65,5.0,1,1
CL44400180,38,90102.0,Казань,Среднее,Месячный,63,9.0,1,0
CL44400106,25,47236.0,Симферополь,Высшее,Месячный,42,9.0,1,0
CL44400052,67,202371.0,,Магистратура,Месячный,4,9.0,2,1
CL44400623,64,70677.0,Москва,Высшее,Двухлетний,6,,1,0
CL44400380,45,43443.0,Москва,Высшее,Двухлетний,31,5.0,3,0
CL44400038,23,71602.0,Санкт‑Петербург,Среднее,Месячный,43,10.0,1,0
CL44400009,18,,Москва,Среднее специальное,Двухлетний,22,2.0,0,0
CL44400331,65,51690.0,Симферополь,Магистратура,Двухлетний,2,8.0,3,0
CL44400427,42,56927.0,Казань,Среднее специальное,Месячный,11,7.0,2,0
CL44400117,35,37897.0,Москва,Среднее,Годовой,27,10.0,0,1
CL44400517,40,91826.0,Москва,Среднее специальное,Двухлетний,58,2.0,3,0
CL44400332,60,63379.0,Казань,Среднее специальное,Месячный,36,11.0,0,0
CL44400407,62,64574.0,Москва,Высшее,Двухлетний,18,9.0,2,0
CL44400501,65,37458.0,Санкт‑Петербург,Высшее,Месячный,0,7.0,2,1
CL44400433,35,64404.0,Москва,Высшее,Двухлетний,53,6.0,1,0
CL44400463,50,144529.0,Санкт‑Петербург,Среднее специальное,Годовой,31,5.0,1,0
CL44400190,35,80800.0,Санкт‑Петербург,Среднее специальное,Двухлетний,54,6.0,2,0
CL44400353,45,23678.0,Новосибирск,Магистратура,Месячный,10,,0,1
CL44400600,47,54343.0,Казань,Высшее,Месячный,71,5.0,1,0
CL44400440,52,86933.0,Новосибирск,Высшее,Месячный,24,,0,1
CL44400107,34,87576.0,Симферополь,Высшее,Месячный,66,8.0,3,0
CL44400206,50,67947.0,Санкт‑Петербург,Среднее специальное,Месячный,9,7.0,2,0
CL44400241,53,71349.0,Казань,Высшее,Двухлетний,52,8.0,0,0
CL44400425,31,80863.0,Новосибирск,Среднее,Месячный,16,6.0,0,1
CL44400488,22,70712.0,Москва,Среднее специальное,Месячный,25,7.0,0,0
CL44400479,48,77128.0,Санкт‑Петербург,Высшее,Месячный,51,6.0,0,0
CL44400368,24,94850.0,Казань,,Месячный,34,7.0,0,0
CL44400182,67,46637.0,Севастополь,Среднее,Месячный,44,64.0,2,0
CL44400297,18,96465.0,Симферополь,Среднее,Месячный,17,,2,0
CL44400469,47,55949.0,Казань,Высшее,Месячный,71,9.0,3,0
CL44400193,33,63903.0,Москва,,Годовой,71,8.0,0,0
CL44400379,55,62857.0,Симферополь,Высшее,Месячный,22,1.0,2,0
CL44400022,30,92687.0,Новосибирск,Высшее,Годовой,9,4.0,1,0
CL44400448,21,59981.0,Симферополь,Высшее,Месячный,36,5.0,2,0
CL44400094,62,70460.0,Санкт‑Петербург,Высшее,Годовой,21,3.0,2,0
CL44400613,40,115117.0,Казань,Среднее,Годовой,60,3.0,0,0
CL44400162,18,81941.0,Казань,Высшее,Годовой,5,7.0,3,0
CL44400060,43,42026.0,Новосибирск,Среднее специальное,Двухлетний,58,7.0,0,0
CL44400095,39,85846.0,Санкт‑Петербург,Высшее,Двухлетний,39,7.0,1,0
CL44400596,36,65662.0,Санкт‑Петербург,Высшее,Годовой,59,4.0,1,0
CL44400217,60,39882.0,Казань,Магистратура,Двухлетний,34,7.0,2,0
CL44400394,58,59878.0,Москва,Среднее,Месячный,1,5.0,2,1
CL44400266,47,111462.0,Санкт‑Петербург,Высшее,Месячный,25,10.0,1,0
CL44400263,63,90507.0,Новосибирск,Среднее специальное,Месячный,52,6.0,0,1
CL44400028,33,85833.0,Севастополь,Высшее,Годовой,46,8.0,1,0
CL44400385,55,,Казань,Магистратура,Месячный,10,2.0,3,1
CL44400459,36,55124.0,Москва,Среднее специальное,Двухлетний,7,10.0,0,0
CL44400144,56,98329.0,Новосибирск,Высшее,Месячный,71,4.0,2,0
CL44400449,61,,Симферополь,Высшее,Месячный,66,4.0,4,0
CL44400105,32,485034.0,Симферополь,Среднее специальное,Месячный,21,,2,1
CL44400415,32,92870.0,Санкт‑Петербург,Среднее,Месячный,42,3.0,0,1
CL44400127,21,79820.0,Симферополь,Магистратура,Месячный,19,4.0,2,1
CL44400362,25,43981.0,Казань,Среднее,Месячный,12,7.0,1,1
CL44400015,54,51090.0,Москва,Высшее,Месячный,38,3.0,0,0
CL44400316,54,65501.0,Москва,Высшее,Годовой,70,10.0,2,0
CL44400466,25,59989.0,Санкт‑Петербург,Среднее специальное,Годовой,34,11.0,1,0
CL44400413,62,52370.0,Новосибирск,Среднее специальное,Месячный,6,4.0,2,1
CL44400319,35,54028.0,Казань,Среднее специальное,Годовой,66,9.0,3,0
CL44400323,48,58400.0,Москва,Магистратура,Месячный,63,7.0,2,1
CL44400567,27,36190.0,Санкт‑Петербург,Магистратура,Месячный,59,6.0,0,1
CL44400053,52,,Севастополь,Среднее специальное,Месячный,22,5.0,1,0
CL44400534,33,102763.0,Москва,Среднее специальное,Месячный,12,8.0,0,0
CL44400388,40,75133.0,Симферополь,Магистратура,Месячный,44,12.0,2,0
CL44400339,40,76137.0,Казань,Среднее специальное,Годовой,39,4.0,1,0
CL44400187,55,107227.0,Санкт‑Петербург,Среднее специальное,Годовой,71,7.0,1,0
CL44400352,48,69603.0,Новосибирск,Магистратура,Месячный,51,3.0,2,1
CL44400228,58,90080.0,Казань,Высшее,Месячный,40,3.0,0,1
CL44400621,19,91902.0,Новосибирск,,Месячный,31,8.0,1,0
CL44400324,40,60035.0,,,Годовой,44,5.0,0,0
CL44400074,26,93153.0,Новосибирск,Высшее,Двухлетний,46,4.0,1,0
CL44400314,44,88332.0,Новосибирск,,Двухлетний,3,7.0,1,0
CL44400602,42,39274.0,Санкт‑Петербург,Высшее,Месячный,70,8.0,1,0
CL44400444,35,84684.0,Новосибирск,,Месячный,8,9.0,0,0
CL44400178,38,68952.0,Москва,Высшее,Месячный,63,5.0,1,0
CL44400646,65,85198.0,Казань,Среднее специальное,Месячный,68,6.0,0,0
CL44400464,43,,Новосибирск,Магистратура,Годовой,11,4.0,2,0
CL44400569,50,61560.0,Казань,Среднее,Двухлетний,32,,0,1
CL44400551,54,63948.0,Москва,Среднее,Годовой,43,5.0,3,0
CL44400095,39,85846.0,Санкт‑Петербург,Высшее,Двухлетний,39,7.0,1,0
CL44400507,61,55415.0,Москва,Высшее,Месячный,13,6.0,3,0
CL44400320,67,52237.0,Новосибирск,Среднее,Двухлетний,35,5.0,1,0
CL44400280,64,125271.0,Санкт‑Петербург,Среднее специальное,Годовой,54,4.0,1,0
CL44400065,65,,Новосибирск,,Месячный,51,6.0,0,0
CL44400100,30,42082.0,Санкт‑Петербург,Высшее,Месячный,16,7.0,1,1
CL44400455,48,,Казань,Среднее,Двухлетний,20,6.0,2,0
CL44400561,57,96603.0,Москва,Среднее специальное,Месячный,26,38.0,0,0
CL44400525,45,73258.0,Санкт‑Петербург,Высшее,Годовой,36,5.0,0,0
CL44400541,42,81661.0,Москва,Высшее,Месячный,3,2.0,2,0
CL44400636,45,58579.0,Санкт‑Петербург,Высшее,Месячный,54,8.0,0,0
CL44400475,56,86469.0,Новосибирск,Среднее,Месячный,40,5.0,1,0
CL44400574,69,23087.0,Москва,Среднее специальное,Месячный,38,6.0,0,1
CL44400040,66,78326.0,Казань,Среднее специальное,Двухлетний,2,5.0,1,0
CL44400311,51,73153.0,Санкт‑Петербург,,Месячный,37,6.0,4,0
CL44400547,32,40746.0,Москва,Высшее,Месячный,18,2.0,2,0
CL44400632,60,49449.0,Москва,Высшее,Месячный,53,5.0,0,0
CL44400277,26,49946.0,Москва,Высшее,Годовой,45,8.0,0,0
CL44400529,45,52781.0,Москва,Среднее специальное,Годовой,49,9.0,1,0
CL44400150,52,36715.0,Санкт‑Петербург,Высшее,Месячный,29,6.0,0,1
CL44400208,54,47968.0,Москва,Среднее специальное,Месячный,33,0.0,1,1
CL44400492,65,,,Среднее специальное,Месячный,24,6.0,1,0
CL44400286,55,39247.0,Новосибирск,Среднее,Месячный,61,6.0,3,1
CL44400375,31,449046.0,Новосибирск,Среднее,Годовой,54,6.0,0,0
CL44400239,20,91670.0,Москва,Магистратура,Годовой,2,7.0,1,0
CL44400343,62,119317.0,Москва,Высшее,Месячный,56,8.0,1,0
CL44400468,21,103924.0,Санкт‑Петербург,Среднее,Месячный,8,5.0,4,0
CL44400566,57,295278.0,Симферополь,Высшее,Месячный,4,6.0,0,0
CL44400035,67,353764.0,Санкт‑Петербург,Среднее специальное,Месячный,3,3.0,1,0
CL44400214,59,69097.0,Санкт‑Петербург,Среднее специальное,Месячный,51,10.0,1,0
CL44400033,30,47684.0,Симферополь,Высшее,Месячный,28,3.0,3,1
CL44400546,53,98552.0,Новосибирск,Среднее специальное,Двухлетний,2,,0,0
CL44400643,67,51790.0,Москва,Магистратура,Месячный,38,8.0,2,1
CL44400276,20,103802.0,Новосибирск,,Месячный,24,6.0,0,0
CL44400594,49,87806.0,Новосибирск,Среднее специальное,Месячный,30,8.0,2,0
CL44400210,53,119481.0,Казань,Высшее,Годовой,43,,3,0
CL44400133,66,31032.0,Санкт‑Петербург,Высшее,Годовой,13,7.0,0,0
CL44400502,65,69415.0,Москва,Среднее специальное,Месячный,65,10.0,0,0
CL44400042,25,88971.0,,Магистратура,Годовой,32,6.0,2,0
CL44400495,53,63817.0,Санкт‑Петербург,Магистратура,Месячный,16,8.0,1,1
CL44400461,69,31683.0,Москва,Высшее,Месячный,63,3.0,1,0
CL44400503,49,82163.0,Новосибирск,Среднее,Годовой,28,8.0,2,0
CL44400570,50,26554.0,Москва,Магистратура,Месячный,45,6.0,2,0
CL44400410,26,95237.0,Новосибирск,Высшее,Годовой,34,3.0,2,0
CL44400134,47,35185.0,Санкт‑Петербург,Среднее,Годовой,7,4.0,1,0
CL44400490,49,65663.0,Москва,Высшее,Годовой,26,10.0,1,0
CL44400272,67,40531.0,Санкт-Петербург,Высшее,Месячный,16,8.0,2,0
CL44400141,33,64293.0,Казань,Высшее,Годовой,50,7.0,2,0
CL44400163,21,274182.0,Санкт‑Петербург,Среднее,Месячный,23,55.0,2,0
CL44400597,64,75452.0,,Высшее,Месячный,35,8.0,1,0
CL44400082,21,84274.0,Москва,Среднее,Годовой,42,7.0,2,0
CL44400549,60,100139.0,Севастополь,,Месячный,21,7.0,1,0
CL44400504,65,85441.0,Симферополь,Высшее,Месячный,34,4.0,1,1
CL44400374,62,46230.0,Казань,Среднее,Двухлетний,16,,1,0
CL44400340,59,,,Среднее специальное,Месячный,63,7.0,3,0
CL44400599,53,58864.0,Санкт‑Петербург,Высшее,Месячный,36,7.0,0,0
CL44400238,63,66937.0,Москва,Среднее специальное,Месячный,29,3.0,3,0
CL44400496,22,51694.0,,Среднее,Годовой,68,9.0,1,0
CL44400194,40,38831.0,Казань,Среднее специальное,Месячный,11,7.0,0,0
CL44400077,24,102989.0,,Высшее,Годовой,70,,2,0
CL44400470,20,111473.0,Москва,Среднее специальное,Годовой,12,7.0,1,0
CL44400226,53,35795.0,Москва,Магистратура,Месячный,60,6.0,1,0
CL44400121,43,114373.0,Казань,Высшее,Месячный,6,4.0,3,0
CL44400364,54,52764.0,Москва,Магистратура,Двухлетний,64,64.0,1,0
CL44400089,31,30747.0,,Среднее специальное,Месячный,62,9.0,2,0
CL44400064,35,80881.0,Новосибирск,Высшее,Месячный,68,3.0,2,0
CL44400326,53,20666.0,Москва,Высшее,Двухлетний,24,6.0,1,0
CL44400304,27,94120.0,,Среднее,Годовой,27,7.0,6,0
CL44400397,44,43293.0,Санкт‑Петербург,Среднее,Месячный,2,2.0,1,1
CL44400098,69,40093.0,Москва,Магистратура,Годовой,53,7.0,0,0
CL44400198,58,32019.0,Симферополь,Высшее,Годовой,2,9.0,2,0
CL44400161,34,110259.0,Новосибирск,Высшее,Месячный,1,,0,1
CL44400218,54,49690.0,Москва,Среднее специальное,Месячный,54,8.0,0,0
CL44400431,41,89053.0,Санкт‑Петербург,Высшее,Месячный,15,8.0,1,0
CL44400001,27,93425.0,Санкт‑Петербург,Среднее,Годовой,2,10.0,0,0
CL44400176,50,42206.0,Казань,Среднее,Месячный,8,10.0,1,0
CL44400329,51,80311.0,Москва,Высшее,Месячный,4,5.0,0,0
CL44400533,20,92243.0,Казань,Высшее,Месячный,63,6.0,0,0
CL44400367,48,67839.0,Севастополь,Среднее,Годовой,12,7.0,2,0
CL44400647,50,,Санкт‑Петербург,Высшее,Годовой,49,4.0,0,0
CL44400617,55,81219.0,Казань,Среднее специальное,Месячный,16,55.0,0,0
CL44400535,54,75302.0,Санкт‑Петербург,Высшее,Двухлетний,20,13.0,0,0
CL44400520,38,95718.0,Москва,Среднее специальное,Годовой,6,5.0,1,0
CL44400545,35,87195.0,москва ,,Месячный,26,8.0,0,0
CL44400007,53,101417.0,Москва,Высшее,Месячный,61,5.0,0,0
CL44400406,65,56012.0,Москва,Среднее,Годовой,17,9.0,1,0
CL44400509,37,137691.0,Новосибирск,Среднее специальное,Месячный,53,9.0,0,0
CL44400003,21,43295.0,,Магистратура,Двухлетний,15,8.0,0,0
CL44400037,55,24658.0,Москва,Среднее,Месячный,41,2.0,1,0
CL44400484,24,65302.0,Санкт‑Петербург,Среднее специальное,Двухлетний,43,8.0,1,0
CL44400542,20,100531.0,Санкт‑Петербург,Среднее специальное,Месячный,39,3.0,1,0
CL44400270,47,48026.0,Казань,Среднее специальное,Годовой,24,8.0,1,0
CL44400149,19,93251.0,Казань,Среднее,Двухлетний,61,8.0,0,0
CL44400220,26,44096.0,Санкт‑Петербург,Высшее,Годовой,52,5.0,1,0
CL44400170,44,100363.0,Казань,Высшее,Годовой,9,8.0,0,0
CL44400335,58,53561.0,Новосибирск,Магистратура,Годовой,57,4.0,2,0
CL44400148,31,70000.0,Москва,Магистратура,Годовой,2,4.0,0,0
CL44400624,43,52882.0,Казань,Среднее,Месячный,37,7.0,2,1
CL44400381,42,56005.0,Новосибирск,Среднее,Двухлетний,63,6.0,1,1
CL44400610,45,70103.0,Санкт‑Петербург,Среднее,Годовой,33,8.0,1,0
CL44400308,59,58942.0,,Среднее,Месячный,31,6.0,0,0
CL44400555,61,,,Среднее специальное,Двухлетний,40,8.0,1,0
CL44400013,35,,Санкт‑Петербург,Среднее,Месячный,37,7.0,0,0
CL44400310,56,36817.0,Симферополь,Высшее,Месячный,71,6.0,1,1
CL44400526,65,287499.0,,Среднее специальное,Месячный,59,36.0,0,1
CL44400142,50,97696.0,,Среднее специальное,Месячный,44,8.0,1,0
CL44400073,51,112964.0,Санкт‑Петербург,Среднее,Месячный,62,2.0,2,0
CL44400378,63,110939.0,,Среднее специальное,Месячный,34,7.0,1,0
CL44400157,44,40282.0,Казань,Высшее,Годовой,63,5.0,1,0
CL44400560,49,37098.0,Новосибирск,,Месячный,58,5.0,3,1
CL44400118,48,37985.0,Санкт‑Петербург,Среднее специальное,Двухлетний,28,,0,0
CL44400472,38,72631.0,Санкт‑Петербург,Среднее специальное,Месячный,59,48.0,1,0
CL44400011,25,9418.0,Москва,Среднее,Годовой,3,3.0,0,0
CL44400387,43,66487.0,Новосибирск,Среднее специальное,Годовой,48,9.0,0,0
CL44400605,30,92567.0,Москва,Среднее специальное,Месячный,6,10.0,3,1
CL44400471,64,43496.0,Казань,,Годовой,11,6.0,0,0
CL44400608,60,79918.0,Севастополь,Среднее,Месячный,31,8.0,2,0
CL44400588,58,100252.0,Симферополь,Магистратура,Годовой,30,7.0,2,0
CL44400283,43,215418.0,Новосибирск,Магистратура,Двухлетний,33,7.0,0,0
CL44400240,37,,Казань,Магистратура,Месячный,67,3.0,3,0
CL44400058,66,60492.0,Новосибирск,Среднее специальное,Месячный,16,7.0,2,0
CL44400110,37,82503.0,Санкт‑Петербург,Высшее,Месячный,51,4.0,1,1
CL44400573,56,34995.0,Москва,Высшее,Годовой,20,4.0,0,0
CL44400084,55,48117.0,Москва,Высшее,Годовой,13,4.0,1,0
CL44400346,46,84021.0,Москва,Среднее,Месячный,15,0.0,3,1
CL44400049,59,60713.0,Симферополь,Магистратура,Месячный,1,4.0,2,1
CL44400246,48,36791.0,Москва,Среднее специальное,Месячный,21,6.0,3,1
CL44400070,24,,Москва,Высшее,Месячный,28,4.0,0,0
CL44400631,41,46843.0,Новосибирск,Среднее специальное,Двухлетний,9,7.0,1,0
CL44400120,22,63002.0,Москва,Среднее специальное,Месячный,26,,1,0
CL44400071,34,75338.0,,Среднее,Месячный,20,6.0,0,1
CL44400115,50,53594.0,,Магистратура,Двухлетний,0,2.0,1,0
CL44400429,62,,Новосибирск,Высшее,Месячный,38,6.0,1,1
CL44400365,34,17486.0,Новосибирск,Высшее,Годовой,7,6.0,0,1
CL44400351,47,82951.0,Симферополь,Среднее,Месячный,46,7.0,0,0
CL44400285,57,56397.0,Санкт‑Петербург,Магистратура,Месячный,65,5.0,0,1
CL44400271,63,79715.0,Новосибирск,Среднее специальное,Месячный,68,9.0,1,0
CL44400292,46,65089.0,,Среднее,Годовой,47,6.0,1,0
CL44400164,35,76482.0,Москва,Среднее,Месячный,56,8.0,1,0
CL44400295,37,65041.0,Санкт‑Петербург,,Двухлетний,57,4.0,0,0
CL44400116,31,96703.0,Севастополь,Среднее,Годовой,4,11.0,0,0
CL44400135,50,61622.0,Севастополь,Среднее,Годовой,53,7.0,3,0
CL44400422,47,70333.0,Москва,Высшее,Годовой,67,9.0,2,0
CL44400294,37,113044.0,Москва,Высшее,Годовой,59,5.0,2,0
CL44400477,45,38704.0,Санкт‑Петербург,Среднее специальное,Месячный,0,5.0,2,1
CL44400021,28,88906.0,Симферополь,Среднее специальное,Двухлетний,46,4.0,1,0
CL44400580,44,40671.0,Симферополь,Среднее,Двухлетний,5,,1,0
CL44400445,49,49523.0,Севастополь,Высшее,Годовой,1,10.0,1,0
CL44400480,41,47222.0,Симферополь,Высшее,Годовой,62,6.0,2,0
CL44400460,46,58546.0,Санкт‑Петербург,Среднее специальное,Годовой,16,4.0,2,0
CL44400446,65,54569.0,Севастополь,Высшее,Годовой,65,3.0,0,0
CL44400222,64,83355.0,Москва,Среднее специальное,Годовой,15,12.0,1,0
CL44400034,58,116300.0,Москва,Высшее,Месячный,1,4.0,0,0
CL44400592,41,93963.0,Санкт‑Петербург,Магистратура,Месячный,25,7.0,2,0
CL44400641,25,63184.0,Новосибирск,Среднее специальное,Месячный,42,1.0,1,1
CL44400558,38,28788.0,Москва,Магистратура,Двухлетний,30,,0,0
CL44400508,62,70539.0,Санкт‑Петербург,Среднее специальное,Месячный,29,6.0,2,0
CL44400284,26,71370.0,Новосибирск,Среднее,Месячный,20,6.0,2,0
CL44400564,18,120448.0,,Высшее,Годовой,10,,1,0
CL44400179,34,56371.0,Казань,Среднее специальное,Месячный,45,11.0,3,0
CL44400247,31,74078.0,Новосибирск,Высшее,Годовой,25,5.0,3,0
CL44400062,21,37176.0,Москва,,Месячный,4,8.0,2,0
CL44400124,23,59523.0,Новосибирск,Высшее,Годовой,25,4.0,1,0
CL44400290,35,61566.0,,Высшее,Месячный,25,4.0,1,0
CL44400515,60,45704.0,Казань,,Годовой,63,7.0,1,0
CL44400505,23,86886.0,Санкт‑Петербург,Среднее специальное,Месячный,28,3.0,1,0
CL44400101,53,105326.0,Москва,Высшее,Месячный,14,9.0,3,0
CL44400615,40,30826.0,Москва,Среднее,Годовой,64,12.0,1,0
CL44400344,23,66722.0,Симферополь,Среднее,Годовой,23,3.0,1,0
CL44400257,36,82937.0,Севастополь,Магистратура,Годовой,50,4.0,0,0
CL44400565,22,69082.0,Москва,Среднее специальное,Месячный,8,7.0,5,0
CL44400406,65,56012.0,Москва,Среднее,Годовой,17,9.0,1,0
CL44400620,38,51536.0,Санкт‑Петербург,Среднее специальное,Месячный,25,8.0,0,0
CL44400486,19,42468.0,Москва,Высшее,Двухлетний,9,13.0,2,0
CL44400531,36,63276.0,Новосибирск,Среднее,Месячный,60,7.0,0,0
CL44400400,55,63518.0,Симферополь,,Месячный,4,7.0,1,0
CL44400044,49,70063.0,Симферополь,Среднее,Месячный,6,6.0,2,0
CL44400113,21,105931.0,Москва,Среднее,Месячный,9,5.0,3,0
CL44400233,36,32739.0,Санкт‑Петербург,Высшее,Годовой,16,,3,0
CL44400004,20,38642.0,Санкт‑Петербург,,Месячный,10,8.0,2,0
CL44400591,22,22069.0,Симферополь,Среднее специальное,Месячный,15,2.0,1,1
CL44400489,55,86254.0,Москва,Магистратура,Годовой,37,,1,0
CL44400355,47,68778.0,Симферополь,Высшее,Годовой,70,5.0,1,0
CL44400518,61,23553.0,Севастополь,Среднее,Месячный,51,3.0,0,0
CL44400088,120,61313.0,Новосибирск,Магистратура,Годовой,30,4.0,0,0
CL44400487,29,78219.0,Симферополь,Высшее,Месячный,23,9.0,2,1
CL44400025,65,,Новосибирск,Магистратура,Годовой,25,2.0,0,0
CL44400256,45,61295.0,Москва,Высшее,Месячный,55,,3,0
CL44400491,35,,Санкт‑Петербург,Среднее,Годовой,68,9.0,1,0
CL44400096,54,72347.0,Севастополь,Высшее,Месячный,61,7.0,4,0
CL44400360,22,68082.0,Казань,Высшее,Годовой,2,13.0,0,0
CL44400174,65,,Санкт‑Петербург,Магистратура,Месячный,55,6.0,4,1
CL44400244,50,30853.0,Санкт‑Петербург,Среднее специальное,Годовой,37,,3,0
CL44400103,66,93172.0,Москва,,Годовой,67,3.0,3,0
CL44400234,18,89294.0,Санкт‑Петербург,Высшее,Месячный,70,3.0,2,0
CL44400544,22,74822.0,Москва,Среднее специальное,Годовой,47,50.0,1,0
CL44400434,51,,Москва,,Месячный,31,,1,0
CL44400399,46,91848.0,Новосибирск,Магистратура,Месячный,62,3.0,1,0
CL44400143,59,93860.0,Москва,Высшее,Месячный,65,3.0,0,0
CL44400255,40,81185.0,Санкт‑Петербург,Высшее,Месячный,59,5.0,0,0
CL44400325,21,49702.0,Санкт‑Петербург,Магистратура,Месячный,5,7.0,1,1
CL44400273,45,37567.0,Санкт‑Петербург,Высшее,Годовой,2,10.0,2,0
CL44400511,69,43060.0,Новосибирск,Среднее специальное,Годовой,0,7.0,0,0
CL44400190,35,80800.0,Санкт‑Петербург,Среднее специальное,Двухлетний,54,6.0,2,0
CL44400550,30,97198.0,Санкт‑Петербург,Среднее специальное,Годовой,49,7.0,0,0
CL44400128,27,75851.0,Санкт‑Петербург,Высшее,Месячный,0,4.0,0,0
CL44400628,31,,Новосибирск,Магистратура,Двухлетний,61,2.0,1,0
CL44400554,60,119398.0,Новосибирск,Среднее специальное,Годовой,51,,2,0
CL44400494,64,31956.0,Санкт‑Петербург,Высшее,Годовой,3,8.0,2,0
CL44400032,45,70787.0,Казань,Среднее специальное,Двухлетний,63,2.0,0,0
CL44400578,64,27883.0,,Магистратура,Месячный,44,4.0,2,0
CL44400259,23,54665.0,Москва,,Месячный,34,6.0,1,0
CL44400333,67,106213.0,Симферополь,Среднее,Годовой,32,6.0,0,0
CL44400391,24,47724.0,Санкт‑Петербург,Среднее специальное,Годовой,11,10.0,2,0
CL44400373,42,59725.0,Санкт‑Петербург,Высшее,Годовой,52,4.0,0,0
CL44400030,55,91995.0,Санкт‑Петербург,Высшее,Месячный,5,7.0,1,0
CL44400154,25,68975.0,Казань,Высшее,Двухлетний,58,6.0,2,0
CL44400604,29,56932.0,Симферополь,Высшее,Двухлетний,40,4.0,2,0
CL44400432,39,64600.0,Санкт‑Петербург,Высшее,Двухлетний,35,7.0,2,0
CL44400499,44,43754.0,Москва,Высшее,Годовой,57,7.0,1,0
CL44400417,58,43771.0,Симферополь,Магистратура,Годовой,16,4.0,2,0
CL44400456,42,12113.0,Санкт‑Петербург,Среднее специальное,Годовой,26,9.0,2,0
CL44400313,66,78820.0,Новосибирск,Высшее,Месячный,46,6.0,0,0
CL44400204,44,87509.0,Севастополь,Магистратура,Годовой,7,5.0,2,0
CL44400111,68,38770.0,Симферополь,Высшее,Двухлетний,6,2.0,1,0
CL44400637,24,101149.0,Севастополь,Среднее,Годовой,13,64.0,1,0
CL44400213,30,38956.0,Симферополь,,Месячный,50,4.0,0,1
CL44400411,20,,Симферополь,Высшее,Двухлетний,2,4.0,0,0
CL44400512,54,55103.0,Новосибирск,Среднее,Годовой,58,8.0,2,0
CL44400054,63,55275.0,Казань,Магистратура,Двухлетний,57,,1,0
CL44400583,51,27977.0,Санкт‑Петербург,Среднее,Месячный,66,59.0,2,1
CL44400579,67,29058.0,Новосибирск,Высшее,Годовой,32,5.0,0,0
CL44400438,33,97355.0,Симферополь,Высшее,Двухлетний,13,3.0,2,0
CL44400205,0,107541.0,Москва,Среднее специальное,Месячный,56,4.0,5,0
CL44400601,47,71458.0,Санкт‑Петербург,Магистратура,Месячный,39,,2,0
CL44400209,40,65881.0,Симферополь,Высшее,Годовой,60,2.0,1,0
CL44400201,51,76470.0,Новосибирск,Среднее специальное,Месячный,66,4.0,0,0
CL44400299,21,,Москва,Высшее,Двухлетний,61,5.0,0,0
CL44400590,28,28062.0,Москва,Среднее,Месячный,65,8.0,0,0
CL44400289,0,50822.0,Санкт‑Петербург,Высшее,Годовой,14,4.0,0,0
CL44400051,69,43035.0,,Магистратура,Годовой,40,6.0,5,0
CL44400606,68,32182.0,Севастополь,Среднее,Двухлетний,64,6.0,2,0
CL44400083,53,66926.0,Москва,Среднее,Месячный,58,5.0,1,0
CL44400258,23,59929.0,Москва,Высшее,Месячный,37,7.0,3,0
CL44400229,30,71836.0,Казань,Высшее,Годовой,44,4.0,0,0
CL44400537,37,72757.0,Симферополь,,Месячный,34,3.0,0,0
CL44400404,40,95837.0,Санкт‑Петербург,Высшее,Годовой,43,,3,0
CL44400223,35,92333.0,Санкт‑Петербург,Высшее,Месячный,50,9.0,0,0
CL44400584,36,66109.0,Новосибирск,Высшее,Годовой,3,6.0,1,0
CL44400041,55,52357.0,Санкт‑Петербург,Высшее,Месячный,27,8.0,4,1
CL44400642,36,,Санкт‑Петербург,Магистратура,Двухлетний,12,4.0,1,0
CL44400031,69,65927.0,,Высшее,Месячный,40,,2,0
CL44400048,30,59589.0,Казань,Среднее,Годовой,27,0.0,1,0
CL44400268,43,70131.0,Новосибирск,Высшее,Месячный,39,8.0,0,0
CL44400165,21,55201.0,Москва,Магистратура,Годовой,50,60.0,0,0
CL44400530,59,28242.0,Новосибирск,Среднее специальное,Месячный,11,5.0,0,0
CL44400372,23,,Севастополь,Высшее,Месячный,49,9.0,1,0
CL44400008,66,75312.0,Казань,Высшее,Годовой,37,5.0,1,0
CL44400288,55,15664.0,Казань,Высшее,Месячный,25,7.0,2,0
CL44400317,42,,Симферополь,Среднее,Годовой,26,7.0,2,0
CL44400557,46,34433.0,Новосибирск,,Месячный,44,8.0,1,0
CL44400131,52,99688.0,Симферополь,,Месячный,28,6.0,1,0
CL44400275,64,55965.0,Санкт‑Петербург,Среднее специальное,Месячный,31,4.0,0,1
CL44400483,27,82506.0,Санкт‑Петербург,Среднее специальное,Месячный,42,6.0,0,0
CL44400318,47,69545.0,Казань,Среднее специальное,Месячный,40,8.0,0,0
CL44400341,28,28203.0,Москва,Среднее,Месячный,31,,0,0
CL44400328,33,97244.0,Санкт‑Петербург,Высшее,Годовой,60,3.0,1,0
CL44400129,27,82545.0,Симферополь,Среднее,Годовой,48,7.0,1,0
CL44400207,25,69869.0,Санкт‑Петербург,Среднее специальное,Месячный,70,8.0,1,0
CL44400645,59,54469.0,Севастополь,Среднее,Месячный,16,,1,1
CL44400404,40,95837.0,Санкт‑Петербург,Высшее,Годовой,43,,3,0
CL44400619,39,58517.0,Севастополь,,Годовой,1,5.0,0,0
CL44400384,39,,Санкт‑Петербург,Магистратура,Годовой,17,7.0,0,0
CL44400076,41,31372.0,Симферополь,Среднее,Двухлетний,46,57.0,1,0
CL44400261,57,94313.0,Казань,Среднее специальное,Двухлетний,19,7.0,0,0
CL44400390,38,50350.0,Севастополь,Высшее,Годовой,48,5.0,3,0
CL44400519,62,56336.0,Казань,Среднее специальное,Месячный,38,6.0,1,0
CL44400260,39,55588.0,Москва,Среднее,Годовой,49,7.0,1,0
CL44400462,67,95045.0,Новосибирск,Высшее,Двухлетний,49,7.0,2,0
CL44400424,44,73869.0,Новосибирск,Среднее специальное,Месячный,33,9.0,2,0
CL44400212,21,51323.0,Санкт‑Петербург,Высшее,Двухлетний,60,4.0,0,0
CL44400306,20,31094.0,Казань,Высшее,Двухлетний,52,4.0,2,0
CL44400612,61,57072.0,Санкт‑Петербург,Среднее специальное,Месячный,15,58.0,0,1
CL44400465,54,88355.0,Новосибирск,,Месячный,22,7.0,2,0
CL44400136,33,53548.0,Севастополь,Среднее специальное,Месячный,31,4.0,3,0
CL44400188,40,44252.0,Казань,Среднее специальное,Годовой,32,6.0,1,0
CL44400245,52,42754.0,Новосибирск,Высшее,Месячный,21,7.0,1,0
CL44400080,30,59605.0,Симферополь,Среднее специальное,Двухлетний,61,5.0,1,0
CL44400156,61,89783.0,Симферополь,Среднее,Месячный,33,3.0,2,0
CL44400139,45,8000.0,Симферополь,Среднее специальное,Годовой,22,7.0,2,0
CL44400264,36,90705.0,Казань,Высшее,Месячный,2,9.0,0,1
CL44400500,30,63614.0,Симферополь,Среднее специальное,Месячный,64,5.0,1,1
CL44400640,51,28256.0,Казань,Среднее,Месячный,16,4.0,2,0
CL44400321,26,53821.0,Новосибирск,Среднее,Месячный,24,9.0,0,0
CL44400016,32,61826.0,Санкт‑Петербург,Среднее специальное,Месячный,6,4.0,1,1
CL44400063,32,79359.0,Новосибирск,Среднее,Двухлетний,36,7.0,1,0
CL44400215,24,38516.0,Казань,Магистратура,Месячный,6,7.0,0,0
CL44400253,26,125273.0,Санкт‑Петербург,Высшее,Двухлетний,69,7.0,1,0
CL44400086,53,57058.0,Москва,Высшее,Двухлетний,64,3.0,0,0
CL44400447,27,93605.0,,Высшее,Годовой,24,5.0,4,0
CL44400000,49,59842.0,Севастополь,,Годовой,19,7.0,3,1
CL44400609,54,57916.0,Санкт‑Петербург,Магистратура,Двухлетний,16,,1,0
CL44400175,38,52963.0,Санкт‑Петербург,Среднее специальное,Месячный,35,4.0,1,0
CL44400416,43,70659.0,Симферополь,Среднее специальное,Месячный,21,6.0,2,0
CL44400183,60,59334.0,Санкт‑Петербург,Среднее специальное,Годовой,6,8.0,3,0
CL44400097,30,44825.0,Санкт‑Петербург,Среднее специальное,Месячный,2,10.0,0,0
CL44400361,34,11240.0,Москва,Среднее,Двухлетний,13,5.0,0,0
CL44400112,46,44346.0,Новосибирск,Магистратура,Месячный,4,7.0,3,1
CL44400350,41,121468.0,Санкт‑Петербург,Среднее,Годовой,56,7.0,0,0
CL44400334,34,85745.0,Санкт‑Петербург,Магистратура,Месячный,26,8.0,1,0
CL44400005,27,8000.0,,Среднее специальное,Месячный,42,67.0,0,0
CL44400047,18,54342.0,Санкт‑Петербург,Магистратура,Месячный,47,8.0,2,0
CL44400173,58,103311.0,,Среднее,Месячный,40,3.0,1,0
CL44400102,55,80445.0,Казань,Высшее,Годовой,22,14.0,0,0
CL44400347,60,68158.0,Казань,Высшее,Месячный,10,8.0,2,1
CL44400242,64,,Москва,Среднее,Месячный,16,10.0,0,0
CL44400441,42,89174.0,Москва,Высшее,Месячный,32,,2,0
CL44400576,24,,Санкт‑Петербург,Среднее специальное,Месячный,58,5.0,0,0
CL44400126,60,106040.0,Санкт‑Петербург,,Месячный,65,6.0,1,0
CL44400092,29,73560.0,Moscow,Среднее специальное,Годовой,34,3.0,1,0
CL44400392,64,110041.0,Казань,Магистратура,Месячный,12,5.0,0,0
CL44400171,64,36576.0,Москва,Высшее,Годовой,68,8.0,1,0
CL44400437,37,75064.0,Севастополь,Высшее,Месячный,19,8.0,1,0
CL44400539,55,97695.0,Москва,Высшее,Месячный,24,4.0,3,0
CL44400278,26,60164.0,,Высшее,Месячный,5,10.0,0,0
CL44400147,56,61193.0,Новосибирск,Среднее,Месячный,16,5.0,1,1
CL44400528,35,49518.0,Москва,Высшее,Годовой,24,6.0,1,0
CL44400026,33,93314.0,Санкт‑Петербург,Магистратура,Годовой,58,,2,0
CL44400618,46,246966.0,Новосибирск,Среднее специальное,Месячный,41,4.0,2,0
CL44400420,30,58117.0,Симферополь,Высшее,Годовой,59,12.0,2,0
CL44400358,46,28525.0,Казань,Высшее,Месячный,59,5.0,1,1
CL44400553,56,120217.0,Севастополь,Высшее,Месячный,10,6.0,2,0
CL44400300,51,87811.0,Казань,,Годовой,13,8.0,1,0
CL44400055,22,39685.0,Казань,Магистратура,Годовой,50,6.0,1,0
CL44400376,62,37666.0,,,Месячный,26,10.0,1,0
CL44400556,39,,Казань,Высшее,Годовой,66,,2,0
CL44400090,36,31785.0,Новосибирск,Магистратура,Годовой,16,,2,0
CL44400291,44,66058.0,Симферополь,Среднее,Годовой,11,,1,0
CL44400172,31,61302.0,Казань,Высшее,Годовой,68,10.0,1,0
CL44400386,29,,Санкт-Петербург,Магистратура,Месячный,48,9.0,0,0
CL44400158,53,81345.0,Санкт‑Петербург,Среднее специальное,Месячный,71,8.0,0,0
CL44400418,60,40572.0,Новосибирск,Среднее специальное,Месячный,26,6.0,2,1
CL44400274,31,24157.0,Симферополь,Магистратура,Годовой,26,6.0,0,0
CL44400548,67,10090.0,Москва,Среднее специальное,Двухлетний,66,5.0,1,0
CL44400185,28,73229.0,Санкт‑Петербург,Магистратура,Месячный,5,5.0,0,0
CL44400536,62,99544.0,Москва,Среднее специальное,Двухлетний,15,4.0,2,0
CL44400123,27,47866.0,Санкт‑Петербург,Высшее,Годовой,60,7.0,2,0
CL44400322,51,62911.0,,Высшее,Месячный,31,2.0,3,0
CL44400577,19,75160.0,Москва,Среднее специальное,Двухлетний,20,5.0,1,0
CL44400575,56,86673.0,Москва,Высшее,Годовой,47,3.0,2,0
CL44400227,45,,Москва,Магистратура,Годовой,5,3.0,2,0
CL44400382,20,64692.0,Москва,Среднее специальное,Месячный,30,3.0,1,0
CL44400166,58,88744.0,Севастополь,Среднее специальное,Двухлетний,54,8.0,2,0
CL44400450,52,31241.0,Новосибирск,Среднее специальное,Месячный,39,5.0,2,1
CL44400345,59,32135.0,Санкт‑Петербург,Высшее,Месячный,9,7.0,1,0
CL44400219,58,24310.0,Новосибирск,Среднее,Годовой,30,5.0,1,0
CL44400614,38,71808.0,Москва,,Годовой,57,3.0,2,0
CL44400497,50,94157.0,Новосибирск,Среднее,Двухлетний,32,5.0,3,0
CL44400467,44,79548.0,Санкт‑Петербург,Магистратура,Месячный,21,5.0,4,0
CL44400159,64,72467.0,Москва,Высшее,Месячный,48,,0,0
CL44400337,36,81310.0,Новосибирск,Высшее,Годовой,50,4.0,1,0
CL44400267,60,48606.0,Севастополь,Среднее специальное,Месячный,4,,1,0
CL44400639,48,33769.0,Санкт‑Петербург,Среднее,Годовой,55,11.0,0,0
CL44400081,120,105743.0,Москва,Среднее специальное,Годовой,52,7.0,1,0
CL44400532,42,81158.0,Симферополь,Высшее,Двухлетний,59,8.0,1,0
CL44400481,50,114755.0,Новосибирск,Высшее,Годовой,53,6.0,1,0
CL44400067,31,71480.0,Санкт‑Петербург,Среднее специальное,Месячный,0,4.0,2,0
CL44400371,55,61289.0,Москва,Высшее,Месячный,22,2.0,1,0
CL44400348,62,100666.0,Санкт‑Петербург,Высшее,Месячный,7,7.0,1,0
CL44400359,31,73186.0,Казань,Магистратура,Годовой,31,5.0,1,0
CL44400029,69,89514.0,Санкт‑Петербург,Среднее,Двухлетний,16,5.0,1,0
CL44400393,58,83238.0,Казань,Магистратура,Месячный,26,6.0,2,0
CL44400629,23,8000.0,Санкт‑Петербург,Высшее,Годовой,68,,2,0
CL44400145,22,82628.0,Казань,Среднее специальное,Двухлетний,25,1.0,0,0
CL44400211,28,63118.0,Новосибирск,,Месячный,62,4.0,1,1
CL44400020,23,,Санкт‑Петербург,Высшее,Месячный,68,3.0,4,0
CL44400108,64,35484.0,Новосибирск,,Месячный,44,4.0,2,0
CL44400252,57,68042.0,Севастополь,Среднее специальное,Месячный,36,,1,1
CL44400587,58,98430.0,Казань,Среднее,Двухлетний,23,6.0,2,0
CL44400414,45,84853.0,Москва,Среднее специальное,Месячный,27,8.0,2,0
CL44400152,42,64079.0,,Среднее специальное,Месячный,30,6.0,1,0
CL44400380,45,43443.0,Москва,Высшее,Двухлетний,31,5.0,3,0
CL44400061,57,56752.0,Казань,Высшее,Двухлетний,67,5.0,2,0
CL44400405,38,74294.0,Новосибирск,Среднее,Месячный,53,6.0,1,0
CL44400644,35,65374.0,Севастополь,Высшее,Месячный,47,4.0,0,1
CL44400430,26,84483.0,Севастополь,Магистратура,Месячный,33,8.0,1,0
CL44400585,51,55071.0,Севастополь,Магистратура,Месячный,10,3.0,1,1
CL44400302,69,68988.0,Новосибирск,Магистратура,Годовой,2,7.0,0,0
CL44400622,44,78791.0,Симферополь,Среднее специальное,Месячный,44,11.0,2,0
CL44400224,44,,Москва,Высшее,Годовой,10,7.0,0,0
CL44400419,120,39256.0,Новосибирск,Среднее специальное,Месячный,65,8.0,2,1
CL44400398,21,59832.0,Москва,Высшее,Годовой,7,10.0,1,0
CL44400059,46,55327.0,Казань,Среднее специальное,Месячный,57,9.0,1,0
CL44400079,41,87732.0,Казань,Среднее,Двухлетний,58,3.0,3,0
CL44400293,59,68880.0,Москва,Высшее,Годовой,68,4.0,0,0
CL44400312,62,33937.0,Новосибирск,Высшее,Месячный,39,5.0,0,0
CL44400527,32,13410.0,Санкт‑Петербург,Высшее,Годовой,31,8.0,0,0
CL44400269,63,36427.0,Санкт‑Петербург,Среднее,Годовой,52,3.0,2,0
CL44400140,45,83118.0,Москва,Высшее,Двухлетний,43,6.0,1,0
CL44400377,23,60399.0,Казань,Высшее,Месячный,11,5.0,3,1
CL44400408,29,,Новосибирск,,Годовой,27,,2,0
CL44400014,20,67683.0,Казань,Высшее,Месячный,61,6.0,1,0
CL44400439,37,53541.0,Казань,Магистратура,Годовой,40,6.0,0,0
CL44400563,33,42838.0,Новосибирск,Среднее специальное,Месячный,53,5.0,2,0
CL44400137,42,79893.0,Санкт‑Петербург,Высшее,Годовой,64,4.0,0,0
CL44400045,53,45239.0,Санкт‑Петербург,Высшее,Месячный,27,5.0,3,0
CL44400538,63,116115.0,Новосибирск,Среднее специальное,Месячный,23,6.0,0,0
CL44400476,37,60850.0,Казань,Магистратура,Месячный,61,3.0,0,0
CL44400230,31,,Москва,Среднее,Двухлетний,56,6.0,3,0
CL44400122,68,38727.0,Казань,Среднее специальное,Месячный,60,8.0,0,0
CL44400498,31,92098.0,Санкт‑Петербург,Магистратура,Месячный,36,3.0,0,0
CL44400068,48,36435.0,Москва,Магистратура,Годовой,2,5.0,1,0
CL44400262,48,66760.0,Москва,Магистратура,Годовой,54,7.0,2,0
CL44400626,23,63807.0,Новосибирск,,Годовой,5,5.0,1,0
CL44400254,52,35683.0,Санкт‑Петербург,Среднее специальное,Годовой,12,5.0,0,0
CL44400552,27,75705.0,Moscow,Магистратура,Месячный,15,4.0,1,0
CL44400342,18,22535.0,Москва,Среднее,Годовой,53,8.0,2,0
CL44400146,64,8000.0,Казань,Высшее,Годовой,58,8.0,2,0
CL44400202,25,81378.0,Казань,Среднее специальное,Месячный,12,,0,0
CL44400454,58,99698.0,Москва,Высшее,Месячный,58,33.0,1,0
CL44400099,48,82675.0,Казань,Среднее специальное,Двухлетний,24,6.0,0,1
CL44400169,58,104388.0,Новосибирск,Среднее специальное,Месячный,20,6.0,1,0
CL44400235,41,74776.0,Казань,Среднее специальное,Месячный,24,5.0,0,0
CL44400366,61,,Новосибирск,Среднее специальное,Месячный,16,8.0,2,0
CL44400307,30,56221.0,Москва,,Двухлетний,40,14.0,1,0
CL44400002,56,81505.0,Казань,Высшее,Месячный,41,2.0,1,0
CL44400125,24,87480.0,Севастополь,Магистратура,Месячный,31,6.0,4,0
CL44400181,68,71407.0,Санкт‑Петербург,Среднее специальное,Годовой,34,5.0,0,0
CL44400634,38,,Новосибирск,Высшее,Месячный,56,3.0,2,0
CL44400109,56,103250.0,Москва,Высшее,Месячный,69,8.0,1,0
CL44400616,60,99220.0,Санкт‑Петербург,Высшее,Месячный,38,9.0,0,0
CL44400568,37,98096.0,Казань,Среднее,Месячный,18,8.0,0,1
CL44400395,69,86050.0,Казань,Высшее,Годовой,29,10.0,3,1
CL44400595,38,65301.0,Севастополь,Магистратура,Месячный,52,6.0,2,0
CL44400024,55,66147.0,Новосибирск,Высшее,Годовой,66,4.0,4,0
CL44400402,39,54810.0,Севастополь,Среднее специальное,Годовой,27,2.0,2,0
CL44400231,64,94959.0,Москва,Среднее специальное,Двухлетний,46,6.0,0,0
CL44400114,61,92842.0,Казань,Среднее,Годовой,66,5.0,0,0
CL44400330,24,93315.0,Казань,Среднее,Месячный,25,11.0,2,0
CL44400582,38,66537.0,Москва,Высшее,Двухлетний,49,3.0,0,0
CL44400138,37,61015.0,Симферополь,Магистратура,Двухлетний,55,6.0,0,0
CL44400091,64,103377.0,Москва,Среднее специальное,Месячный,20,4.0,2,0
CL44400485,38,98964.0,Москва,Высшее,Годовой,45,5.0,1,0
CL44400383,46,47050.0,Симферополь,Высшее,Месячный,61,3.0,2,0
CL44400369,48,67552.0,Москва,Среднее специальное,Годовой,47,8.0,1,0
CL44400019,62,32351.0,Новосибирск,Высшее,Месячный,23,7.0,0,1
CL44400057,38,71806.0,Симферополь,Среднее специальное,Месячный,17,2.0,1,1
CL44400237,50,99784.0,Новосибирск,Высшее,Двухлетний,16,5.0,0,0
CL44400043,21,114526.0,Санкт‑Петербург,Среднее специальное,Месячный,18,7.0,0,0
CL44400630,24,97060.0,Новосибирск,Среднее специальное,Месячный,12,8.0,1,0
CL44400279,65,75500.0,Новосибирск,Среднее специальное,Месячный,46,4.0,2,1
CL44400506,55,554640.0,Симферополь,Высшее,Месячный,43,8.0,2,0
CL44400409,55,53767.0,Симферополь,Среднее специальное,Двухлетний,46,7.0,1,0
CL44400516,69,79652.0,Санкт‑Петербург,Высшее,Годовой,68,8.0,1,0
CL44400039,65,41083.0,Севастополь,,Месячный,5,4.0,0,1
CL44400638,22,53546.0,Новосибирск,Магистратура,Месячный,28,5.0,1,1
CL44400543,49,41339.0,Севастополь,Высшее,Месячный,58,7.0,1,1
CL44400635,40,70068.0,Симферополь,,Годовой,14,4.0,0,1
CL44400236,52,57051.0,Казань,Высшее,Месячный,41,0.0,0,0
CL44400297,18,96465.0,Симферополь,Среднее,Месячный,17,,2,0
CL44400354,32,79268.0,Санкт‑Петербург,Среднее,Двухлетний,30,5.0,1,0
CL44400593,58,77352.0,Новосибирск,Высшее,Месячный,54,5.0,1,0
CL44400370,57,,Москва,Высшее,Двухлетний,32,,2,0
CL44400540,32,94064.0,Казань,Магистратура,Годовой,63,6.0,1,0
CL44400119,64,27394.0,Санкт‑Петербург,Магистратура,Годовой,16,6.0,1,0
CL44400203,38,22380.0,Новосибирск,Высшее,Месячный,7,,2,0
CL44400017,31,68928.0,Санкт‑Петербург,Высшее,Двухлетний,20,4.0,1,0
CL44400428,49,86838.0,Санкт‑Петербург,Среднее специальное,Годовой,31,6.0,0,0
CL44400443,68,58432.0,Москва,Среднее специальное,Годовой,16,8.0,1,0
CL44400191,47,67521.0,,Среднее специальное,Двухлетний,37,5.0,1,0
CL44400336,30,78044.0,Новосибирск,Среднее,Двухлетний,65,,1,0
CL44400078,46,85918.0,Севастополь,Среднее,Годовой,39,5.0,0,0
CL44400482,29,,Санкт‑Петербург,,Годовой,48,6.0,2,0
CL44400281,34,100821.0,Новосибирск,Среднее,Годовой,64,6.0,1,0
CL44400265,26,34460.0,Новосибирск,Магистратура,Годовой,67,62.0,1,0
CL44400571,59,102768.0,Севастополь,Среднее,Двухлетний,2,6.0,0,0
CL44400301,33,68567.0,Симферополь,Среднее,Годовой,19,7.0,3,0
CL44400649,44,114171.0,Новосибирск,Высшее,Месячный,17,8.0,2,0
CL44400521,45,,Новосибирск,Магистратура,Месячный,42,6.0,0,0
CL44400473,67,104283.0,Новосибирск,Среднее,Двухлетний,35,7.0,0,1
CL44400442,36,27580.0,Москва,Среднее,Годовой,50,11.0,1,0
CL44400023,43,93295.0,Москва,Высшее,Месячный,53,8.0,0,0
CL44400625,64,46441.0,Санкт‑Петербург,Высшее,Годовой,26,6.0,2,0
CL44400132,28,59110.0,Санкт‑Петербург,Среднее,Двухлетний,49,9.0,1,0
CL44400363,31,93476.0,Санкт‑Петербург,Высшее,Месячный,3,10.0,1,0
CL44400249,21,73383.0,Симферополь,,Месячный,2,1.0,1,1
CL44400010,62,77234.0,,Высшее,Месячный,34,9.0,1,0
CL44400338,64,89231.0,Москва,Высшее,Месячный,47,5.0,0,0
CL44400559,40,74985.0,Санкт‑Петербург,Высшее,Годовой,35,4.0,0,0
CL44400524,30,86449.0,Новосибирск,Среднее специальное,Годовой,39,2.0,2,0
CL44400435,29,81554.0,Санкт‑Петербург,Магистратура,Месячный,47,60.0,2,0
CL44400085,42,91088.0,Москва,,Двухлетний,8,8.0,0,0
CL44400056,32,47954.0,Москва,Высшее,Годовой,41,8.0,0,0
CL44400251,23,61196.0,Санкт‑Петербург,Магистратура,Месячный,42,6.0,1,1
CL44400298,51,,Санкт‑Петербург,Высшее,Месячный,55,3.0,2,1
CL44400457,31,,Москва,Высшее,Двухлетний,60,7.0,1,0
CL44400396,55,69124.0,Севастополь,Магистратура,Месячный,7,7.0,1,0
CL44400305,44,49069.0,Санкт‑Петербург,Среднее,Годовой,6,6.0,2,0
CL44400296,42,67854.0,Новосибирск,Среднее специальное,Месячный,14,7.0,1,0
CL44400458,120,59592.0,Москва,Высшее,Месячный,66,7.0,0,0
CL44400586,18,111580.0,Казань,Магистратура,Месячный,40,2.0,4,1
CL44400160,60,88406.0,Санкт‑Петербург,Высшее,Годовой,34,7.0,1,0
CL44400303,40,206622.0,Симферополь,Высшее,Годовой,41,2.0,0,0
CL44400327,45,52626.0,Севастополь,Высшее,Месячный,57,5.0,1,0
